{
    "Antonio Banderas": "Actor, cantante, productor y director. Podría decirse que es nuestro actor más internacional con más de 100 películas. Embajador de nuestra ciudad.",
    "Pablo Picasso": "Pintor malagueño iniciador del Cubismo con cuadros en los mejores museos del mundo y en Málaga tiene el Museo Picasso y la Casa Natal",
    "Chiquito de la Calzada": "Humorista. Quizás el humorísta málagueño más conocido que desarrolló su propio vocabulario con frases como 'Te da cuen', 'pecador de la pradera', 'fistro' o 'comor'. Recientemente fallecido en 2017",
    "Blas Infante": "Político español, considerado oficialmente como el 'Padre de la Patria andaluza'",
    "Antonio de la Torre": "Actor que actualmente ha conseguido su segundo Goya como mejor Actor Protagonista",
    "David Bueno Vallejo": "Este no es famoso, pero como es el que me ha programado lo tengo que aguantar aquí"
}