﻿{
     "Aleida Alcaide" : {"ID_ponente": "1", "NyA": "Aleida Alcaide", "url": "http://www.cnis.es/speakers/aleida-alcaide/", "Institucion": "Ministerio de Hacienda y Función Pública", "Cargo": "Jefa de Área. Subdirección General de Coordinación de Unidades TIC. Secretaría General de Administración Digital", "Imagen": "http://www.cnis.es/wp-content/uploads/2017/02/aleidaalcaide.jpg", "Comentario": ""},
     "Alejandra Escudero" : {"ID_ponente": "2", "NyA": "Alejandra Escudero", "url": "http://www.cnis.es/speakers/alejandra-escudero/", "Institucion": "Federación Española de Municipios y Provincias. FEMP", "Cargo": "Coordinadora del Servicio SATI", "Imagen": "", "Comentario": ""},
     "Alexander Heichlinger" : {"ID_ponente": "3", "NyA": "Alexander Heichlinger", "url": "http://www.cnis.es/speakers/alexander-heichlinger/", "Institucion": "European Institute of Public Administration (EIPA)", "Cargo": "Gobierno local, Innovación del Sector Público y Creación de Capacidad Administrativa, Transformación Digital", "Imagen": "http://www.cnis.es/wp-content/uploads/2019/02/Alexander-Heichlinger.jpg", "Comentario": ""},
     "Alfonso Castro" : {"ID_ponente": "4", "NyA": "Alfonso Castro", "url": "http://www.cnis.es/speakers/alfonso-castro/", "Institucion": "Agencia Tributaria. AEAT", "Cargo": "Director General de Informática", "Imagen": "http://www.cnis.es/wp-content/uploads/2018/06/alfonso_castro-1.jpg", "Comentario": ""},
     "Alfonso Díaz Rodríguez" : {"ID_ponente": "5", "NyA": "Alfonso Díaz Rodríguez", "url": "http://www.cnis.es/speakers/alfonso-diaz-rodriguez/", "Institucion": "Principado de Asturias", "Cargo": "Archivero. Docente Máster Archivística UCIII. Miembro del Consejo Editorial TABULA", "Imagen": "http://www.cnis.es/wp-content/uploads/2016/02/alfonso_diaz_rodriguez.jpg", "Comentario": ""},
     "Álvaro Porcar" : {"ID_ponente": "6", "NyA": "Álvaro Porcar", "url": "http://www.cnis.es/speakers/alvaro-porcar/", "Institucion": "Diputacion de Castellon", "Cargo": "Jefe de Sección Informática Municipal", "Imagen": "http://www.cnis.es/wp-content/uploads/2019/02/alvaro_porcar.jpg", "Comentario": ""},
     "Amaia Matute" : {"ID_ponente": "7", "NyA": "Amaia Matute", "url": "http://www.cnis.es/speakers/amaia-matute/", "Institucion": "Consultora", "Cargo": "Sector Público. IECISA", "Imagen": "http://www.cnis.es/wp-content/uploads/2019/02/amaia_matute.jpg", "Comentario": ""},
     "Ana Báez Fornieles" : {"ID_ponente": "8", "NyA": "Ana Báez Fornieles", "url": "http://www.cnis.es/speakers/ana-baez-fornieles/", "Institucion": "Diputación Provincial de Huelva", "Cargo": "Jefa de Proyectos de la Oficina de Gestión del Cambio y Arquitecta del Área de Infraestructuras, Medio Ambiente y Planificación", "Imagen": "http://www.cnis.es/wp-content/uploads/2018/03/ana_baez.jpg", "Comentario": ""},
     "Ana Gómez Velarde" : {"ID_ponente": "9", "NyA": "Ana Gómez Velarde", "url": "http://www.cnis.es/speakers/ana-gomez-velarde/", "Institucion": "Ayuntamiento de Valencina de la Concepción", "Cargo": "Secretaria", "Imagen": "http://www.cnis.es/wp-content/uploads/2019/02/ana_gomez.jpg", "Comentario": ""},
     "Ana López Cuadrado" : {"ID_ponente": "10", "NyA": "Ana López Cuadrado", "url": "http://www.cnis.es/speakers/ana-lopez-cuadrado/", "Institucion": "Ministerio de Cultura y Deporte", "Cargo": "Jefe del Departamento de Coordinación y Normalización del Archivo Histórico Nacional. Subdirección General de los Archivos Estatales", "Imagen": "http://www.cnis.es/wp-content/uploads/2019/02/ana_lopez_cuadrado.jpg", "Comentario": ""},
     "Ana Ruiz Miras" : {"ID_ponente": "11", "NyA": "Ana Ruiz Miras", "url": "http://www.cnis.es/speakers/ana-ruiz-miras/", "Institucion": "Geogis", "Cargo": "Jefa Desarrollo", "Imagen": "http://www.cnis.es/wp-content/uploads/2019/02/ana_ruiz_mira.jpg", "Comentario": ""},
     "Ángel Herrero Sanz" : {"ID_ponente": "12", "NyA": "Ángel Herrero Sanz", "url": "http://www.cnis.es/speakers/angel-herrero/", "Institucion": "Amazon Web Services ", "Cargo": "Responsable para la AGE", "Imagen": "http://www.cnis.es/wp-content/uploads/2019/02/angel_herrero.jpg", "Comentario": ""},
     "Angel Laín" : {"ID_ponente": "13", "NyA": "Angel Laín", "url": "http://www.cnis.es/speakers/angel-lain/", "Institucion": "Fábrica Nacional de Moneda y Timbre - Real Casa de la Moneda", "Cargo": "", "Imagen": "", "Comentario": ""},
     "Ángeles Navarro Rueda" : {"ID_ponente": "14", "NyA": "Ángeles Navarro Rueda", "url": "http://www.cnis.es/speakers/angeles-navarro-rueda/", "Institucion": "OpenDataSoft", "Cargo": "Desarrollo de Negocio para Iberoamérica", "Imagen": "http://www.cnis.es/wp-content/uploads/2018/02/angeles_navarro.jpg", "Comentario": ""},
     "Anna Aguilar" : {"ID_ponente": "15", "NyA": "Anna Aguilar", "url": "http://www.cnis.es/speakers/anna-aguilar/", "Institucion": "T-Systems", "Cargo": "Responsable de la Plataforma de tramitación electrónica para Administraciones Públicas", "Imagen": "http://www.cnis.es/wp-content/uploads/2016/02/annaaguilar.jpg", "Comentario": ""},
     "Anna Rufí Vilá" : {"ID_ponente": "16", "NyA": "Anna Rufí Vilá", "url": "http://www.cnis.es/speakers/anna-rufi/", "Institucion": "Consell Comarcal d’Osona​.", "Cargo": "Directora Tècnica Serveis Socials", "Imagen": "http://www.cnis.es/wp-content/uploads/2016/02/anna_rufi-1.jpg", "Comentario": ""},
     "Antonio Ibañez Pascual" : {"ID_ponente": "17", "NyA": "Antonio Ibañez Pascual", "url": "http://www.cnis.es/speakers/antonio-ibanez/", "Institucion": "Junta de Castilla y León", "Cargo": "", "Imagen": "http://www.cnis.es/wp-content/uploads/2017/02/antonioibanez.jpg", "Comentario": ""},
     "Antonio Merino" : {"ID_ponente": "18", "NyA": "Antonio Merino", "url": "http://www.cnis.es/speakers/antonio-merino/", "Institucion": "Ayuntamiento de Mataró", "Cargo": "Gerente", "Imagen": "http://www.cnis.es/wp-content/uploads/2019/02/antonio_merino.jpg", "Comentario": ""},
     "Antonio Sánchez Zaplana" : {"ID_ponente": "19", "NyA": "Antonio Sánchez Zaplana", "url": "http://www.cnis.es/speakers/antonio-sanchez-zaplana/", "Institucion": "Aguas Municipalizadas de Alicante", "Cargo": "Jefe de Innovación y Tecnología", "Imagen": "http://www.cnis.es/wp-content/uploads/2019/01/antonio_sanchez_zaplana.jpg", "Comentario": ""},
     "Antonio Villaescusa Soriano" : {"ID_ponente": "20", "NyA": "Antonio Villaescusa Soriano", "url": "http://www.cnis.es/speakers/antonio-villaescusa-soriano/", "Institucion": "Diputación  de Albacete", "Cargo": "Tesorero", "Imagen": "http://www.cnis.es/wp-content/uploads/2019/02/antonio_villaexcusa_soriano.jpg", "Comentario": ""},
     "Ariel Súcari" : {"ID_ponente": "21", "NyA": "Ariel Súcari", "url": "http://www.cnis.es/speakers/ariel-sucari/", "Institucion": "Itera", "Cargo": "Country Manager", "Imagen": "http://www.cnis.es/wp-content/uploads/2019/02/ariel_sucari.jpg", "Comentario": ""},
     "Ascensión Moro Cordero" : {"ID_ponente": "22", "NyA": "Ascensión Moro Cordero", "url": "http://www.cnis.es/speakers/ascen-moro/", "Institucion": "Ayuntamiento de Sant Feliu de Llobregat", "Cargo": "Responsable de la Unidad de Gestión del Conocimiento y de la Calidad", "Imagen": "http://www.cnis.es/wp-content/uploads/2016/02/ascen_moro.jpg", "Comentario": ""},
     "Beatriz Franco Espiño" : {"ID_ponente": "23", "NyA": "Beatriz Franco Espiño", "url": "http://www.cnis.es/speakers/beatriz-franco-espino/", "Institucion": "Comunidad de Madrid", "Cargo": "Jefa de la Unidad Técnica de Planificación y Programación Archivística de la Subdirección General de Archivos", "Imagen": "http://www.cnis.es/wp-content/uploads/2019/02/beatriz_franco.png", "Comentario": ""},
     "Borja Colón de Carvajal Fibla" : {"ID_ponente": "24", "NyA": "Borja Colón de Carvajal Fibla", "url": "http://www.cnis.es/speakers/borja-colon-de-carvajal-fibla/", "Institucion": "Diputación de Castellon", "Cargo": "Jefe del Servicio de Administración e Innovación Pública", "Imagen": "http://www.cnis.es/wp-content/uploads/2016/02/borja_colon.jpg", "Comentario": ""},
     "Carlos Gómez Peset" : {"ID_ponente": "25", "NyA": "Carlos Gómez Peset", "url": "http://www.cnis.es/speakers/carlos-gomez/", "Institucion": "Diputación Provincial de Castellón", "Cargo": "Adjunto a Dirección. Jefe de Negociado de Innovación", "Imagen": "http://www.cnis.es/wp-content/uploads/2019/02/carlos_gomez_peset.jpg", "Comentario": ""},
     "Carlos Montuenga" : {"ID_ponente": "26", "NyA": "Carlos Montuenga", "url": "http://www.cnis.es/speakers/carlos-montuenga/", "Institucion": "Itera", "Cargo": "IT SysAdm – Cloud Solutions Architect", "Imagen": "http://www.cnis.es/wp-content/uploads/2019/02/carlos_montuenga.jpg", "Comentario": ""},
     "Carmen Gloria León León" : {"ID_ponente": "27", "NyA": "Carmen Gloria León León", "url": "http://www.cnis.es/speakers/carmen-gloria-leon-leon/", "Institucion": "Puertos Canarios", "Cargo": "Gestor y Técnico de Archivo", "Imagen": "", "Comentario": ""},
     "Carmen Seisdedos" : {"ID_ponente": "28", "NyA": "Carmen Seisdedos", "url": "http://www.cnis.es/speakers/carmen-seisdedos/", "Institucion": "Instituto Andaluz de Administración Pública (IAAP)", "Cargo": "Subdirectora de Evaluación e Innovación", "Imagen": "", "Comentario": ""},
     "Castor Alonso Santoro" : {"ID_ponente": "29", "NyA": "Castor Alonso Santoro", "url": "http://www.cnis.es/speakers/castor-alonso-santoro/", "Institucion": "SPICA S.L", "Cargo": "Gerente", "Imagen": "http://www.cnis.es/wp-content/uploads/2018/03/castor_alonso.jpg", "Comentario": ""},
     "Celia Tenés" : {"ID_ponente": "30", "NyA": "Celia Tenés", "url": "http://www.cnis.es/speakers/celia-tenes/", "Institucion": "Ministerio de Política Territorial y Función Pública. Secretaría General de Administración Digital.  ", "Cargo": "", "Imagen": "http://www.cnis.es/wp-content/uploads/2019/02/celia_tenes.jpg", "Comentario": ""},
     "Concepción Campos Acuña" : {"ID_ponente": "31", "NyA": "Concepción Campos Acuña", "url": "http://www.cnis.es/speakers/concepcion-campos-acuna-2017/", "Institucion": "Ayuntamiento de Vigo", "Cargo": "Secretaria de Gobierno Local, Codirectora de Red Localis, y Coordinadora del GT Integridad en la Contratación Pública, FEMP", "Imagen": "http://www.cnis.es/wp-content/uploads/2016/01/campos_acuna.jpg", "Comentario": ""},
     "Cristóbal Contreras Fernández" : {"ID_ponente": "32", "NyA": "Cristóbal Contreras Fernández", "url": "http://www.cnis.es/speakers/cristobal-contreras/", "Institucion": "Ayuntamiento Los Palacios y Villafranca", "Cargo": "Director Plan de Transformación Digital, PTD 2020", "Imagen": "http://www.cnis.es/wp-content/uploads/2019/02/cristobal.png", "Comentario": ""},
     "Daniel Bernao" : {"ID_ponente": "33", "NyA": "Daniel Bernao", "url": "http://www.cnis.es/speakers/daniel-bernao/", "Institucion": "Amazon Web Services ", "Cargo": "Solutions Architect de AWS Public Sector", "Imagen": "", "Comentario": ""},
     "Daniel Rodriguez" : {"ID_ponente": "34", "NyA": "Daniel Rodriguez", "url": "http://www.cnis.es/speakers/dani-rodriguez/", "Institucion": "Diputación de Gerona", "Cargo": "", "Imagen": "http://www.cnis.es/wp-content/uploads/2019/02/dani_rodriguez.png", "Comentario": ""},
     "Daniel Torres Burriel" : {"ID_ponente": "35", "NyA": "Daniel Torres Burriel", "url": "http://www.cnis.es/speakers/daniel-torres-burriel/", "Institucion": "CEO", "Cargo": "Torresburriel Estudio", "Imagen": "http://www.cnis.es/wp-content/uploads/2019/02/daniel_torres.jpg", "Comentario": ""},
     "David Bueno" : {"ID_ponente": "36", "NyA": "David Bueno", "url": "http://www.cnis.es/speakers/david-bueno/", "Institucion": "Ayuntamiento de Málaga", "Cargo": "Gerente del Centro Municipal de Informática", "Imagen": "http://www.cnis.es/wp-content/uploads/2016/01/david_bueno.jpg", "Comentario": ""},
     "David Comas" : {"ID_ponente": "37", "NyA": "David Comas", "url": "http://www.cnis.es/speakers/david-comas/", "Institucion": "Nexus Geographics", "Cargo": "Consejero Delegado", "Imagen": "http://www.cnis.es/wp-content/uploads/2019/02/david_comas.png", "Comentario": ""},
     "David Sánchez" : {"ID_ponente": "38", "NyA": "David Sánchez", "url": "http://www.cnis.es/speakers/david-sanchez/", "Institucion": "Berger-Levrault España (Absis, Aytos, Tecnogeo)", "Cargo": "Responsable de producto", "Imagen": "http://www.cnis.es/wp-content/uploads/2018/06/david_sanchez.jpg", "Comentario": ""},
     "Desiré Lorente Rivas" : {"ID_ponente": "39", "NyA": "Desiré Lorente Rivas", "url": "http://www.cnis.es/speakers/desire-lorente-rivas/", "Institucion": "Thomson Reuters", "Cargo": "Responsable del Soluciones Tecnológicas para la Administración Pública", "Imagen": "http://www.cnis.es/wp-content/uploads/2019/02/desire_lorente_rivas.jpg", "Comentario": ""},
     "Dolors Gonzalez Reche" : {"ID_ponente": "40", "NyA": "Dolors Gonzalez Reche", "url": "http://www.cnis.es/speakers/dolors-gonzalez-reche/", "Institucion": "Ayuntamiento de Mollet del Vallès", "Cargo": "Responsable del Archivo Histórico Municipal", "Imagen": "http://www.cnis.es/wp-content/uploads/2019/02/dolors_gonzalez_reche.jpg", "Comentario": ""},
     "Eduardo Tuñon Gonzalo" : {"ID_ponente": "41", "NyA": "Eduardo Tuñon Gonzalo", "url": "http://www.cnis.es/speakers/eduardo-tunon-gonzalo/", "Institucion": "Asociación Navarra de Informática Municipal – ANIMSA", "Cargo": "Director Técnico", "Imagen": "http://www.cnis.es/wp-content/uploads/2019/02/eduardo_tunon.png", "Comentario": ""},
     "Elena Muñoz Salinero" : {"ID_ponente": "42", "NyA": "Elena Muñoz Salinero", "url": "http://www.cnis.es/speakers/elena-munoz-salinero/", "Institucion": "Ministerio de Política Territorial y Función Pública. Secretaría General de Administración Digital", "Cargo": "Jefa de Área de Sistemas Telemáticos", "Imagen": "http://www.cnis.es/wp-content/uploads/2017/01/elenamunozsalinero.jpg", "Comentario": ""},
     "Elisa García Martín" : {"ID_ponente": "43", "NyA": "Elisa García Martín", "url": "http://www.cnis.es/speakers/elisa-garcia-martin/", "Institucion": "Ingenia", "Cargo": "Consultora Senior de ciberseguridad y cumplimiento normativo de seguridad de la información", "Imagen": "http://www.cnis.es/wp-content/uploads/2018/03/elisa_garcia_martin-1.jpg", "Comentario": ""},
     "Elisabet Demonjó" : {"ID_ponente": "44", "NyA": "Elisabet Demonjó", "url": "http://www.cnis.es/speakers/elisabet-demonjo/", "Institucion": "Consell d’Acció Social de la Garrotxa", "Cargo": "Gestión de servicios. Calidad del Consell d’Acció Social", "Imagen": "http://www.cnis.es/wp-content/uploads/2019/02/elisabet_demonjo.jpg", "Comentario": ""},
     "Elisabeth Udina" : {"ID_ponente": "45", "NyA": "Elisabeth Udina", "url": "http://www.cnis.es/speakers/elisabeth-udina/", "Institucion": "Buisi Tools", "Cargo": "CEO", "Imagen": "http://www.cnis.es/wp-content/uploads/2016/02/elisabeth_udina-1.jpg", "Comentario": ""},
     "Emili Gironés" : {"ID_ponente": "46", "NyA": "Emili Gironés", "url": "http://www.cnis.es/speakers/emili-girones/", "Institucion": "Audifilm Consulting Grupo AL", "Cargo": "Director Comercial", "Imagen": "http://www.cnis.es/wp-content/uploads/2016/02/Emili_Girones_100.jpg", "Comentario": ""},
     "Enrique Lucas Ortega" : {"ID_ponente": "47", "NyA": "Enrique Lucas Ortega", "url": "http://www.cnis.es/speakers/enrique-lucas-ortega/", "Institucion": "Ayuntamiento de Mora (Toledo)", "Cargo": "Secretario General Accidental", "Imagen": "http://www.cnis.es/wp-content/uploads/2019/02/Enrique_Lucas-1.jpg", "Comentario": ""},
     "Enrique Valeriola Salvo" : {"ID_ponente": "48", "NyA": "Enrique Valeriola Salvo", "url": "http://www.cnis.es/speakers/enrique-valeriola-salvo/", "Institucion": "Instituto Andaluz de Administración Pública (IAAP)", "Cargo": "Asesor Técnico del Área de Evaluación de Políticas Públicas", "Imagen": "http://www.cnis.es/wp-content/uploads/2019/02/enrique_baleriola.jpg", "Comentario": ""},
     "Ester Manzano Peláez" : {"ID_ponente": "49", "NyA": "Ester Manzano Peláez", "url": "http://www.cnis.es/speakers/ester-manzano-pelaez/", "Institucion": "Generalitat de Catalunya", "Cargo": "Directora General de Modernización e Innovación de la Administración. Departamento de Políticas Digitales y Administración Pública", "Imagen": "http://www.cnis.es/wp-content/uploads/2017/02/ester_manzano.jpg", "Comentario": ""},
     "Eugenia Torres Suarez" : {"ID_ponente": "50", "NyA": "Eugenia Torres Suarez", "url": "http://www.cnis.es/speakers/eugenia-torres-suarez/", "Institucion": "Cabildo Insular de Lanzarote", "Cargo": "Coordinadora de Contratación de Obras, Servicios y Suministros y Directora Adjunta de la Asesoría Jurídica", "Imagen": "http://www.cnis.es/wp-content/uploads/2019/02/eugenia_torres.jpg", "Comentario": ""},
     "Eulalia Fusté Artigas" : {"ID_ponente": "51", "NyA": "Eulalia Fusté Artigas", "url": "http://www.cnis.es/speakers/eulalia-fuste-artigas/", "Institucion": "Ayuntamiento de Mollet del Vallès", "Cargo": "Técnica informática", "Imagen": "http://www.cnis.es/wp-content/uploads/2019/02/eulalia_fuste.jpg", "Comentario": ""},
     "Federico Gramage" : {"ID_ponente": "52", "NyA": "Federico Gramage", "url": "http://www.cnis.es/speakers/federico-gramage/", "Institucion": "eCityclic", "Cargo": "Responsable de Desarrollo de Negocio", "Imagen": "http://www.cnis.es/wp-content/uploads/2018/02/federico_gramage.jpg", "Comentario": ""},
     "Félix García" : {"ID_ponente": "53", "NyA": "Félix García", "url": "http://www.cnis.es/speakers/felix-garcia/", "Institucion": "Ingenia", "Cargo": "Gerente de desarrollo de negocio de Productos", "Imagen": "http://www.cnis.es/wp-content/uploads/2019/02/felix_garcia.jpg", "Comentario": ""},
     "Fernando Alvarez Garcia" : {"ID_ponente": "54", "NyA": "Fernando Alvarez Garcia", "url": "http://www.cnis.es/speakers/fernando-alvarez/", "Institucion": "Ayuntamiento de Gijón", "Cargo": "Jefe del Servicio de Planificación y Modernización", "Imagen": "http://www.cnis.es/wp-content/uploads/2016/02/fernando_alvarez-2.jpg", "Comentario": ""},
     "Fernando de Pablo" : {"ID_ponente": "55", "NyA": "Fernando de Pablo", "url": "http://www.cnis.es/speakers/fernando-de-pablo/", "Institucion": "Ministerio de Política Territorial y Función Pública", "Cargo": "Secretario General de Administración Digital", "Imagen": "http://www.cnis.es/wp-content/uploads/2016/02/FERNANDO_DE_PABLO.jpg", "Comentario": ""},
     "Fernando Gallego" : {"ID_ponente": "56", "NyA": "Fernando Gallego", "url": "http://www.cnis.es/speakers/fernando-gallego/", "Institucion": "Ayuntamiento de Mislata (Valencia)", "Cargo": "Jefe de Servicio de Innovación, Tecnología y Gobierno Abierto", "Imagen": "http://www.cnis.es/wp-content/uploads/2016/01/fernando_gallego.jpg", "Comentario": ""},
     "Fernando Martos Rodríguez" : {"ID_ponente": "57", "NyA": "Fernando Martos Rodríguez", "url": "http://www.cnis.es/speakers/fernando-martos-rodriguez/", "Institucion": "Ayuntamiento de San Boi", "Cargo": "Técnico de la unidad de asistencia a la  Planificación y Evaluación", "Imagen": "http://www.cnis.es/wp-content/uploads/2019/02/fernando_martos_rodriguez.jpg", "Comentario": ""},
     "Fernando Monar Rubia" : {"ID_ponente": "58", "NyA": "Fernando Monar Rubia", "url": "http://www.cnis.es/speakers/fernando-monar-rubia/", "Institucion": "Universidad Complutense de Madrid (UCM)", "Cargo": "Doctor en Ciencias de la Información", "Imagen": "http://www.cnis.es/wp-content/uploads/2019/02/fernando_monar-1.jpg", "Comentario": ""},
     "Fernando Pino" : {"ID_ponente": "59", "NyA": "Fernando Pino", "url": "http://www.cnis.es/speakers/fernando-pino/", "Institucion": "Validated ID", "Cargo": "Director jurídico", "Imagen": "http://www.cnis.es/wp-content/uploads/2019/02/fernando_pino.png", "Comentario": ""},
     "Ferran Díaz" : {"ID_ponente": "60", "NyA": "Ferran Díaz", "url": "http://www.cnis.es/speakers/ferran-diaz/", "Institucion": "Consiliaria Consulting, partner de Alaris", "Cargo": "Co-fundador", "Imagen": "", "Comentario": ""},
     "Francesc Alemany" : {"ID_ponente": "61", "NyA": "Francesc Alemany", "url": "http://www.cnis.es/speakers/francesc-alemany/", "Institucion": "Audifilm Consulting Grupo AL", "Cargo": "Gerente", "Imagen": "http://www.cnis.es/wp-content/uploads/2019/02/Francesc_Alemany.jpg", "Comentario": ""},
     "Francisco Javier Domínguez Murillo" : {"ID_ponente": "62", "NyA": "Francisco Javier Domínguez Murillo", "url": "http://www.cnis.es/speakers/francisco-javier-dominguez-murillo/", "Institucion": "Junta de Andalucía", "Cargo": "Gestión del Conocimiento y Redes", "Imagen": "http://www.cnis.es/wp-content/uploads/2019/02/fco_javier_dgez_murillo.jpg", "Comentario": ""},
     "Francisco Longo" : {"ID_ponente": "63", "NyA": "Francisco Longo", "url": "http://www.cnis.es/speakers/francisco-longo/", "Institucion": "Ayuntamiento de Calafell (Tarragona)", "Cargo": "Director de Seguridad", "Imagen": "", "Comentario": ""},
     "Francisco Muñoz" : {"ID_ponente": "64", "NyA": "Francisco Muñoz", "url": "http://www.cnis.es/speakers/paco-munoz/", "Institucion": "Ayuntamiento de Roses", "Cargo": "", "Imagen": "", "Comentario": ""},
     "Francisco Romero" : {"ID_ponente": "65", "NyA": "Francisco Romero", "url": "http://www.cnis.es/speakers/francisco-romero/", "Institucion": "Netberry Solutions", "Cargo": "CTO", "Imagen": "http://www.cnis.es/wp-content/uploads/2019/02/francisco_romero.jpg", "Comentario": ""},
     "Gema T. Pérez Ramón" : {"ID_ponente": "66", "NyA": "Gema T. Pérez Ramón", "url": "http://www.cnis.es/speakers/gema-t-perez-ramon/", "Institucion": "Catastro de Aragón-Zaragoza", "Cargo": "Gerente Regional", "Imagen": "http://www.cnis.es/wp-content/uploads/2019/02/gema_t_perez_ramon.jpg", "Comentario": ""},
     "Gerardo Bustos Pretel" : {"ID_ponente": "67", "NyA": "Gerardo Bustos Pretel", "url": "http://www.cnis.es/speakers/gerardo-bustos/", "Institucion": "Ministerio de Hacienda", "Cargo": "Subdirector general de Información, Documentación y Publicaciones", "Imagen": "http://www.cnis.es/wp-content/uploads/2016/01/gerardo_bustos.jpg", "Comentario": ""},
     "Gonzalo Pellejero Sánchez" : {"ID_ponente": "68", "NyA": "Gonzalo Pellejero Sánchez", "url": "http://www.cnis.es/speakers/gonzalo-pellejero-sanchez-izquierdo/", "Institucion": "Techfriendly", "Cargo": "Socio director", "Imagen": "http://www.cnis.es/wp-content/uploads/2019/02/gonzalo_pellejero.jpg", "Comentario": ""},
     "Hervé Falciani" : {"ID_ponente": "69", "NyA": "Hervé Falciani", "url": "http://www.cnis.es/speakers/herve-falciani/", "Institucion": "Asociación Tactical Whistleblower", "Cargo": "Presidente y fundador", "Imagen": "http://www.cnis.es/wp-content/uploads/2019/02/H_Falciani.jpg", "Comentario": ""},
     "Ignacio García de Vinuesa" : {"ID_ponente": "70", "NyA": "Ignacio García de Vinuesa", "url": "http://www.cnis.es/speakers/ignacio-garcia-de-vinuesa/", "Institucion": "Ayuntamiento de Alcobendas", "Cargo": "Alcalde", "Imagen": "http://www.cnis.es/wp-content/uploads/2017/01/ignaciogarciavinuesa.jpg", "Comentario": ""},
     "Ignacio García Rodríguez" : {"ID_ponente": "71", "NyA": "Ignacio García Rodríguez", "url": "http://www.cnis.es/speakers/ignacio-garcia-rodriguez/", "Institucion": "Dirección General de Catastro", "Cargo": "Subdirector de Estudios y Sistemas de la Información", "Imagen": "http://www.cnis.es/wp-content/uploads/2019/02/ignacio_garcia.png", "Comentario": ""},
     "Inmaculada Sánchez Ramos" : {"ID_ponente": "72", "NyA": "Inmaculada Sánchez Ramos", "url": "http://www.cnis.es/speakers/inmaculada-sanchez-ramos/", "Institucion": "Agencia para la Administración Digital de la Comunidad de Madrid", "Cargo": "Directora de Aprendizaje Digital y Gestión del Campus Virtual", "Imagen": "http://www.cnis.es/wp-content/uploads/2016/02/inmaculada_sanchez-1.jpg", "Comentario": ""},
     "Iñaki Guillerna" : {"ID_ponente": "73", "NyA": "Iñaki Guillerna", "url": "http://www.cnis.es/speakers/inaki-guillerna/", "Institucion": "Diputación de Álava", "Cargo": "Director del Departamento de Desarrollo económico y Equilibro Territorial", "Imagen": "", "Comentario": ""},
     "Jacobo Uberto Rodríguez" : {"ID_ponente": "74", "NyA": "Jacobo Uberto Rodríguez", "url": "http://www.cnis.es/speakers/jacobo-uberto-rodriguez/", "Institucion": "Ayuntamiento de Otero y El casar de Escalona (Toledo)", "Cargo": "Secretario Interventor", "Imagen": "http://www.cnis.es/wp-content/uploads/2019/02/jacobo_uberto.jpg", "Comentario": ""},
     "Jaime Grajera" : {"ID_ponente": "75", "NyA": "Jaime Grajera", "url": "http://www.cnis.es/speakers/jaime-gragera/", "Institucion": "Coordinador de Informática y Administración Digital", "Cargo": "Diputación de Badajoz", "Imagen": "http://www.cnis.es/wp-content/uploads/2019/02/jaime_gragera.jpg", "Comentario": ""},
     "Jaime Pérez Marhuenda" : {"ID_ponente": "76", "NyA": "Jaime Pérez Marhuenda", "url": "http://www.cnis.es/speakers/jaime-perez-marhuenda/", "Institucion": "Diputación de Alicante", "Cargo": "Jefe de la Unidad de Sistemas y Comunicaciones", "Imagen": "", "Comentario": ""},
     "Jaime Sánchez Revenga" : {"ID_ponente": "77", "NyA": "Jaime Sánchez Revenga", "url": "http://www.cnis.es/speakers/jaime-sanchez-revenga/", "Institucion": "Fábrica Nacional de Moneda y Timbre – Real Casa de la Moneda", "Cargo": "Presidente Director General", "Imagen": "http://www.cnis.es/wp-content/uploads/2016/02/jaime_sanchez_revenga.jpg", "Comentario": ""},
     "Jaime Tovar" : {"ID_ponente": "78", "NyA": "Jaime Tovar", "url": "http://www.cnis.es/speakers/jaime-tovar/", "Institucion": "Ayuntamiento de Calvià", "Cargo": "Director General de Transparencia e Innovación en la Administración", "Imagen": "http://www.cnis.es/wp-content/uploads/2017/02/Jaimetovar.jpg", "Comentario": ""},
     "Javier Araujo" : {"ID_ponente": "79", "NyA": "Javier Araujo", "url": "http://www.cnis.es/speakers/javier-araujo/", "Institucion": "T-Systems", "Cargo": "Responsable de Desarrollo de Negocio de Smart Cities", "Imagen": "http://www.cnis.es/wp-content/uploads/2019/02/javier_araujo.jpg", "Comentario": ""},
     "Jesús Cabra Meléndez" : {"ID_ponente": "80", "NyA": "Jesús Cabra Meléndez", "url": "http://www.cnis.es/speakers/jesus-cabra-melendez/", "Institucion": "Ayuntamiento de Rincón de la Victoria", "Cargo": "Responsable de Informática", "Imagen": "http://www.cnis.es/wp-content/uploads/2016/02/jesus_vazquez_abad.jpg", "Comentario": ""},
     "Jesús Cintora" : {"ID_ponente": "81", "NyA": "Jesús Cintora", "url": "http://www.cnis.es/speakers/jesus-cintora/", "Institucion": "a3media", "Cargo": "Periodista ", "Imagen": "http://www.cnis.es/wp-content/uploads/2019/02/jesus_cintora.jpg", "Comentario": ""},
     "Jesús Vázquez Abad" : {"ID_ponente": "82", "NyA": "Jesús Vázquez Abad", "url": "http://www.cnis.es/speakers/jesus-vazquez-abad/", "Institucion": "FEMP", "Cargo": "Alcalde de Ourense. Presidente de la Comisión de Modernización, Participación y Calidad de la FEMP", "Imagen": "", "Comentario": ""},
     "Joan Navarro Puertas" : {"ID_ponente": "83", "NyA": "Joan Navarro Puertas", "url": "http://www.cnis.es/speakers/joan-navarro-puertas/", "Institucion": "Ayuntamiento de Torrelles de Foix", "Cargo": "Regidor de comunicación y transparencia", "Imagen": "", "Comentario": ""},
     "Joaquin Burgar Arquimbau" : {"ID_ponente": "84", "NyA": "Joaquin Burgar Arquimbau", "url": "http://www.cnis.es/speakers/joaquin-m-burgar/", "Institucion": "Diputación de Castellón", "Cargo": "Adjunto a Dirección. Servicio de Asistencia a Municipios", "Imagen": "http://www.cnis.es/wp-content/uploads/2016/02/joaquin_m_burgar-1.jpg", "Comentario": ""},
     "Joaquin Meseguer Yebra" : {"ID_ponente": "85", "NyA": "Joaquin Meseguer Yebra", "url": "http://www.cnis.es/speakers/joaquin-meseguer-yebra/", "Institucion": "Ayuntamiento de Madrid", "Cargo": "Subdirector General de Transparencia", "Imagen": "http://www.cnis.es/wp-content/uploads/2017/02/joaquinmyebra.jpg", "Comentario": ""},
     "Jordi Coma" : {"ID_ponente": "86", "NyA": "Jordi Coma", "url": "http://www.cnis.es/speakers/jordi-coma/", "Institucion": "Audifilm Consulting Grupo AL", "Cargo": "Responsable de producto", "Imagen": "http://www.cnis.es/wp-content/uploads/2019/02/Jordi-Coma_100.jpg", "Comentario": ""},
     "Jordi Ribalta" : {"ID_ponente": "87", "NyA": "Jordi Ribalta", "url": "http://www.cnis.es/speakers/jordi-ribalta/", "Institucion": "Civiciti", "Cargo": "Director de Desarrollo de Negocios", "Imagen": "", "Comentario": ""},
     "Jordi Valeriano" : {"ID_ponente": "88", "NyA": "Jordi Valeriano", "url": "http://www.cnis.es/speakers/jordi-valeriano/", "Institucion": "Berger-Levrault España (Absis, Aytos, Tecnogeo)", "Cargo": "Responsable de Estrategia", "Imagen": "http://www.cnis.es/wp-content/uploads/2018/03/jordi_valeriano-1.jpg", "Comentario": ""},
     "Jorge Barrero" : {"ID_ponente": "89", "NyA": "Jorge Barrero", "url": "http://www.cnis.es/speakers/jorge-barrero/", "Institucion": "COTEC", "Cargo": "Director General Fundación", "Imagen": "http://www.cnis.es/wp-content/uploads/2019/02/jorge_barrero.jpg", "Comentario": ""},
     "José Antonio Eusamio" : {"ID_ponente": "90", "NyA": "José Antonio Eusamio", "url": "http://www.cnis.es/speakers/jose-antonio-eusamio/", "Institucion": "Ministerio de Politica Territorial y Función Pública", "Cargo": "Jefe de Área de Planificación y Proyectos Tecnológicos", "Imagen": "http://www.cnis.es/wp-content/uploads/2016/02/jose_antonio_eusamio.jpg", "Comentario": ""},
     "José de León Rojas" : {"ID_ponente": "91", "NyA": "José de León Rojas", "url": "http://www.cnis.es/speakers/jose-de-leon-rojas/", "Institucion": "Cabildo Insular de Lanzarote", "Cargo": "Técnico de Modernización", "Imagen": "http://www.cnis.es/wp-content/uploads/2019/02/jose_de_leon_rojas.jpg", "Comentario": ""},
     "José Ignacio Artillo Pavón" : {"ID_ponente": "92", "NyA": "José Ignacio Artillo Pavón", "url": "http://www.cnis.es/speakers/jose-ignacio-artillo-pavon/", "Institucion": "Instituto Andaluz de Administración Pública (IAAP)", "Cargo": "Responsable del programa del IAAP “En Comunidad”", "Imagen": "", "Comentario": ""},
     "José Juan Lorenzo Rodríguez " : {"ID_ponente": "93", "NyA": "José Juan Lorenzo Rodríguez ", "url": "http://www.cnis.es/speakers/jose-juan-lorenzo-rodriguez/", "Institucion": "Cabildo Insular de Lanzarote", "Cargo": "Consejero delegado de la Entidad Pública Empresarial Local Centros de Arte, Cultura y Turismo", "Imagen": "http://www.cnis.es/wp-content/uploads/2019/02/jose_juan_lorenzo.jpg", "Comentario": ""},
     "Jose Manuel Hinojosa Peña" : {"ID_ponente": "94", "NyA": "Jose Manuel Hinojosa Peña", "url": "http://www.cnis.es/speakers/jose-manuel-hinojosa/", "Institucion": "Alicita y Ambiser", "Cargo": "Director General", "Imagen": "http://www.cnis.es/wp-content/uploads/2016/02/jose_manuel_hinojoda.jpg", "Comentario": ""},
     "José Manuel Laperal González" : {"ID_ponente": "95", "NyA": "José Manuel Laperal González", "url": "http://www.cnis.es/speakers/jose-manuel-laperal-gonzalez/", "Institucion": "Servicio Madrileño de Salud.", "Cargo": "Responsable de Seguridad de Sistemas de Información Sanitaria", "Imagen": "http://www.cnis.es/wp-content/uploads/2019/02/jose_antonio_laperal.jpg", "Comentario": ""},
     "Jose María Sánchez Burson" : {"ID_ponente": "96", "NyA": "Jose María Sánchez Burson", "url": "http://www.cnis.es/speakers/jose-maria-sanchez-burson/", "Institucion": "Instituto Andaluz de Administración Pública IAAP. Junta de Andalucía", "Cargo": "Director", "Imagen": "http://www.cnis.es/wp-content/uploads/2019/01/jose_maria_sanchez_burson.jpg", "Comentario": ""},
     "José Nuño Riesgo" : {"ID_ponente": "97", "NyA": "José Nuño Riesgo", "url": "http://www.cnis.es/speakers/jose-nuno-riesgo/", "Institucion": "FEMP", "Cargo": "Secretario Técnico de la Red de Entidades Locales por la Transparencia y la Participación Ciudadana", "Imagen": "http://www.cnis.es/wp-content/uploads/2018/03/jose_nuno_riesgo.jpg", "Comentario": ""},
     "Juan Fermín Molina " : {"ID_ponente": "98", "NyA": "Juan Fermín Molina ", "url": "http://www.cnis.es/speakers/juan-fermin-molina/", "Institucion": "GT3", "Cargo": "Responsable de la Dirección de Proyectos", "Imagen": "http://www.cnis.es/wp-content/uploads/2019/02/juan_fermin_molina.png", "Comentario": ""},
     "Juan García Sánchez" : {"ID_ponente": "99", "NyA": "Juan García Sánchez", "url": "http://www.cnis.es/speakers/juan-garcia-sanchez/", "Institucion": "Netberry Solutions", "Cargo": "Consultor Preventa de Transformación Digital", "Imagen": "http://www.cnis.es/wp-content/uploads/2019/02/juan_garcia_sanchez.jpg", "Comentario": ""},
     "Juan Manzano" : {"ID_ponente": "100", "NyA": "Juan Manzano", "url": "http://www.cnis.es/speakers/juan-manzano/", "Institucion": "BDO Auditores", "Cargo": "Senior Manager", "Imagen": "http://www.cnis.es/wp-content/uploads/2017/02/juan-manzano.jpg", "Comentario": ""},
     "Julia de la Guardia" : {"ID_ponente": "101", "NyA": "Julia de la Guardia", "url": "http://www.cnis.es/speakers/julia-de-la-guardia/", "Institucion": "Gestiona ESpúblico", "Cargo": "Gerente de Grandes Cuentas", "Imagen": "http://www.cnis.es/wp-content/uploads/2019/02/julia_de_la_guardia-1.jpg", "Comentario": ""},
     "Julio Cerdá Díaz" : {"ID_ponente": "102", "NyA": "Julio Cerdá Díaz", "url": "http://www.cnis.es/speakers/julio-cerda-diaz/", "Institucion": "Ayuntamiento de Arganda del Rey (Madrid)", "Cargo": "Jefe de Gestión de Información y Transformación Digital", "Imagen": "http://www.cnis.es/wp-content/uploads/2018/06/julio_cerda-1.jpg", "Comentario": ""},
     "Kai Zhang" : {"ID_ponente": "103", "NyA": "Kai Zhang", "url": "http://www.cnis.es/speakers/kai-zhang/", "Institucion": "Huawei", "Cargo": "Desarrollo de Negocio de Smart Cities", "Imagen": "", "Comentario": ""},
     "Laura Almonacid" : {"ID_ponente": "104", "NyA": "Laura Almonacid", "url": "http://www.cnis.es/speakers/laura-almonacid/", "Institucion": "Ayuntamiento de Sant Feliu de Llobregat", "Cargo": "Interventora", "Imagen": "http://www.cnis.es/wp-content/uploads/2018/03/laura_almonacid.jpg", "Comentario": ""},
     "Laura Flores Iglesias" : {"ID_ponente": "105", "NyA": "Laura Flores Iglesias", "url": "http://www.cnis.es/speakers/laura-flores/", "Institucion": "Secretaría General de Administración Digital. Ministerio de Función Pública y Política Territorial", "Cargo": "Jefe de área de Gestión Documental", "Imagen": "http://www.cnis.es/wp-content/uploads/2016/02/laura_flores.jpg", "Comentario": ""},
     "Laura Sunyol" : {"ID_ponente": "106", "NyA": "Laura Sunyol", "url": "http://www.cnis.es/speakers/laura-sunyol/", "Institucion": "Ayuntamiento de Lleida", "Cargo": "Coordinadora e-Gobierno", "Imagen": "http://www.cnis.es/wp-content/uploads/2017/01/laurasunyol.jpg", "Comentario": ""},
     "Llorenç Fernández Matamoros" : {"ID_ponente": "107", "NyA": "Llorenç Fernández Matamoros", "url": "http://www.cnis.es/speakers/llorenc-fernandez-matamoros/", "Institucion": "Ayuntamiento de San Boi", "Cargo": "Jefe de la unidad de Planificación", "Imagen": "http://www.cnis.es/wp-content/uploads/2019/02/llorenc_fernandez_matamoros.jpg", "Comentario": ""},
     "Luis Ángel Fernández Ameijeiras" : {"ID_ponente": "108", "NyA": "Luis Ángel Fernández Ameijeiras", "url": "http://www.cnis.es/speakers/luis-angel-fernandez/", "Institucion": "Ayuntamiento de Tinajo", "Cargo": "Secretario Interventor", "Imagen": "http://www.cnis.es/wp-content/uploads/2017/02/lafernandez.jpg", "Comentario": ""},
     "Luis C. Arráez Guadalupe" : {"ID_ponente": "109", "NyA": "Luis C. Arráez Guadalupe", "url": "http://www.cnis.es/speakers/luis-c-arraez-guadalupe/", "Institucion": "Cabildo Insular de Lanzarote", "Cargo": "Consejero del grupo Coalición Canaria", "Imagen": "http://www.cnis.es/wp-content/uploads/2019/02/luis_celestino_arranz.png", "Comentario": ""},
     "Luis Carlos de la Concepción" : {"ID_ponente": "110", "NyA": "Luis Carlos de la Concepción", "url": "http://www.cnis.es/speakers/luis-carlos-de-la-concepcion/", "Institucion": "Ayutamiento de Sabadell", "Cargo": "Vicepresidente del Consejo de Dirección, Transportes Urbanos", "Imagen": "http://www.cnis.es/wp-content/uploads/2019/02/luis_carlos_de_la_concepcion.jpg", "Comentario": ""},
     "Manuel Mendieta Arjona" : {"ID_ponente": "111", "NyA": "Manuel Mendieta Arjona", "url": "http://www.cnis.es/speakers/manuel-mendieta-arjona/", "Institucion": "GTT – Gestión Tributaria Territorial", "Cargo": "Director Comercial", "Imagen": "http://www.cnis.es/wp-content/uploads/2016/02/manuel_mendieta-1.jpg", "Comentario": ""},
     "Manuel Pereira González" : {"ID_ponente": "112", "NyA": "Manuel Pereira González", "url": "http://www.cnis.es/speakers/manuel-pereira-gonzalez/", "Institucion": "Secretaría General del Senado", "Cargo": "Jefe de Departamento de la Unidad de Coordinación, Control y Evaluación de Proyectos", "Imagen": "http://www.cnis.es/wp-content/uploads/2019/01/manuel_pereira_gonzalez.jpg", "Comentario": ""},
     "Manuel Serrano Canon" : {"ID_ponente": "113", "NyA": "Manuel Serrano Canon", "url": "http://www.cnis.es/speakers/manuel-serrano-canon/", "Institucion": "Ayuntamiento de Málaga", "Cargo": "Jefe del Servicio de Calidad y Modernización", "Imagen": "http://www.cnis.es/wp-content/uploads/2018/01/manuel_serrano.jpg", "Comentario": ""},
     "Marc Giró i Mut" : {"ID_ponente": "114", "NyA": "Marc Giró i Mut", "url": "http://www.cnis.es/speakers/marc-giro/", "Institucion": "Uanataca", "Cargo": "Director Comercial", "Imagen": "http://www.cnis.es/wp-content/uploads/2016/02/marc_giro-1.jpg", "Comentario": ""},
     "Marga Bonmatí" : {"ID_ponente": "115", "NyA": "Marga Bonmatí", "url": "http://www.cnis.es/speakers/marga-bonmati/", "Institucion": "AOC (Administració Oberta de Catalunya)", "Cargo": "Directora del Consorcio AOC", "Imagen": "", "Comentario": ""},
     "Mari Carmen Medina Zorrilla" : {"ID_ponente": "116", "NyA": "Mari Carmen Medina Zorrilla", "url": "http://www.cnis.es/speakers/ma-carmen-medina-zorrilla/", "Institucion": "Ayuntamiento de Cuevas Bajas (Málaga)", "Cargo": "Secretaria", "Imagen": "http://www.cnis.es/wp-content/uploads/2019/02/m_Carmen_medina_zorrilla.jpg", "Comentario": ""},
     "María Begoña Ballvé Jerez" : {"ID_ponente": "117", "NyA": "María Begoña Ballvé Jerez", "url": "http://www.cnis.es/speakers/begona-ballve-jerez/", "Institucion": "Ayuntamiento de Mollet del Vallès", "Cargo": "Jefa de Servicios Jurídicos", "Imagen": "http://www.cnis.es/wp-content/uploads/2018/03/begona_ballve-1.jpg", "Comentario": ""},
     "María Carmen García Álvarez" : {"ID_ponente": "118", "NyA": "María Carmen García Álvarez", "url": "http://www.cnis.es/speakers/maria-carmen-garcia-alvarez/", "Institucion": "Gobierno de Asturias", "Cargo": "Jefa de Servicio de Procesos Administrativos", "Imagen": "http://www.cnis.es/wp-content/uploads/2017/02/mcarmengarciaalvarez.jpg", "Comentario": ""},
     "María del Mar Herrera" : {"ID_ponente": "119", "NyA": "María del Mar Herrera", "url": "http://www.cnis.es/speakers/mar-herrera/", "Institucion": "Instituto Andaluz de Administración Pública (IAAP)", "Cargo": "Responsable del Programa de Evaluación de Políticas Públicas", "Imagen": "http://www.cnis.es/wp-content/uploads/2019/02/maria_mar_herrera.jpg", "Comentario": ""},
     "María Esperanza Dorado" : {"ID_ponente": "120", "NyA": "María Esperanza Dorado", "url": "http://www.cnis.es/speakers/ma-esperanza-dorado/", "Institucion": "Consejo de Transparencia y Protección de Datos", "Cargo": "Jefa de Servicio de Informática y Telecomunicaciones", "Imagen": "http://www.cnis.es/wp-content/uploads/2019/02/esperanza-dorado.jpg", "Comentario": ""},
     "Mario Alguacil Sanz" : {"ID_ponente": "121", "NyA": "Mario Alguacil Sanz", "url": "http://www.cnis.es/speakers/mario-alguacil/", "Institucion": "Ayuntamiento de Sant Feliu de Llobregat", "Cargo": "Diirección de Organización, Gerencia, Tecnologías y Gestión del Conocimiento, Sociedad de la Información y Oficina del Presupuesto", "Imagen": "http://www.cnis.es/wp-content/uploads/2016/01/marioalguacil1.jpg", "Comentario": ""},
     "Mario Carabaño Marí" : {"ID_ponente": "122", "NyA": "Mario Carabaño Marí", "url": "http://www.cnis.es/speakers/mario-carabano-mari/", "Institucion": "Ernst & Young (EY)", "Cargo": "Director Sector Público", "Imagen": "http://www.cnis.es/wp-content/uploads/2019/02/mario_carano.jpg", "Comentario": ""},
     "Marta Contreras" : {"ID_ponente": "123", "NyA": "Marta Contreras", "url": "http://www.cnis.es/speakers/marta-contreras/", "Institucion": "Audifilm Consulting Grupo AL", "Cargo": "Responsable de Servicios y Consultoría", "Imagen": "http://www.cnis.es/wp-content/uploads/2019/02/Marta_Contreras_100.jpg", "Comentario": ""},
     "Matilde Manzano" : {"ID_ponente": "124", "NyA": "Matilde Manzano", "url": "http://www.cnis.es/speakers/matilde-manzano-2/", "Institucion": "Ayuntamiento de Ibiza", "Cargo": "Responsable de modernización", "Imagen": "http://www.cnis.es/wp-content/uploads/2017/02/matildemanzano.jpg", "Comentario": ""},
     "Mercè Custodio Murillo" : {"ID_ponente": "125", "NyA": "Mercè Custodio Murillo", "url": "http://www.cnis.es/speakers/merce-custodio-murillo/", "Institucion": "Ayuntamiento de Mollet del Vallès", "Cargo": "Responsable economicofinanciero del Servicio de Contratación y Compras", "Imagen": "http://www.cnis.es/wp-content/uploads/2019/02/merce_custodio.jpg", "Comentario": ""},
     "Meritxell Vargas" : {"ID_ponente": "126", "NyA": "Meritxell Vargas", "url": "http://www.cnis.es/speakers/meritxell-vargas/", "Institucion": "Ayuntamiento de Viladecavalls", "Cargo": "Secretaria del Ayuntamiento. Responsable proyecto administración electrónica.", "Imagen": "http://www.cnis.es/wp-content/uploads/2019/02/Meritxell_Vargas_100.jpg", "Comentario": ""},
     "Miguel Ángel Lubián" : {"ID_ponente": "127", "NyA": "Miguel Ángel Lubián", "url": "http://www.cnis.es/speakers/miguel-angel-lubian/", "Institucion": "Instituto CIES", "Cargo": "Responsable del Área de Compliance", "Imagen": "http://www.cnis.es/wp-content/uploads/2018/03/miguel_a_lubian.jpg", "Comentario": ""},
     "Miguel Ballesteros" : {"ID_ponente": "128", "NyA": "Miguel Ballesteros", "url": "http://www.cnis.es/speakers/miguel-ballesteros/", "Institucion": "Comunidad de Madrid", "Cargo": "Ingeniero especialista en ciberseguridad", "Imagen": "", "Comentario": ""},
     "Miguel de Bas" : {"ID_ponente": "129", "NyA": "Miguel de Bas", "url": "http://www.cnis.es/speakers/miguel-a-de-bas-sotelo/", "Institucion": "Fundador del Club de Innovadores Públicos – CIP", "Cargo": "Director de Club de Innovación", "Imagen": "http://www.cnis.es/wp-content/uploads/2016/02/miguel_debas.jpg", "Comentario": ""},
     "Miguel Solano Gadea" : {"ID_ponente": "130", "NyA": "Miguel Solano Gadea", "url": "http://www.solanogadea.es/cnis/miguel-solano-gadea.htm", "Institucion": "Experto en Administraciones Públicas y el proceso de transformación digital", "Cargo": "Autor del Diccionario de conceptos y términos de la administración electrónica", "Imagen": "http://www.solanogadea.es/cnis/miguel-solano-gadea.jpg", "Comentario": "Colabora con David Bueno Vallejo"},
     "Moisés Barrio Andrés" : {"ID_ponente": "131", "NyA": "Moisés Barrio Andrés", "url": "http://www.cnis.es/speakers/moises-barrio-andres/", "Institucion": "Consejo de Estado", "Cargo": "Letrado. Experto en Derecho Digital. Abogado-Árbitro. Consultor. “Derecho, Inteligencia Artificial y Robótica en las AA.PP“", "Imagen": "http://www.cnis.es/wp-content/uploads/2019/02/moises_barrio.jpg", "Comentario": ""},
     "Mónica Lacasa" : {"ID_ponente": "132", "NyA": "Mónica Lacasa", "url": "http://www.cnis.es/speakers/monica-lacasa/", "Institucion": "Ministerio de Hacienda. Dirección General de Racionalización y Centralización de la Contratación", "Cargo": "Administradora Civil del Estado", "Imagen": "http://www.cnis.es/wp-content/uploads/2019/02/monica_lacasa.jpg", "Comentario": ""},
     "Montse Novell Ramos" : {"ID_ponente": "133", "NyA": "Montse Novell Ramos", "url": "http://www.cnis.es/speakers/montse-novell-ramos/", "Institucion": "Suez Spain", "Cargo": "Responsable Plataforma Comunicat-i", "Imagen": "http://www.cnis.es/wp-content/uploads/2019/01/montse_movell.png", "Comentario": ""},
     "Nieves Escorza Muñoz" : {"ID_ponente": "134", "NyA": "Nieves Escorza Muñoz", "url": "http://www.cnis.es/speakers/nieves-escorza-munoz/", "Institucion": "Responsable de Innovación y Transparencia", "Cargo": "Ayuntamiento de Pinto", "Imagen": "http://www.cnis.es/wp-content/uploads/2017/02/nievesescorza.jpg", "Comentario": ""},
     "Pablo Bárcenas Gutiérrez" : {"ID_ponente": "135", "NyA": "Pablo Bárcenas Gutiérrez", "url": "http://www.cnis.es/speakers/pablo-barcenas/", "Institucion": "FEMP", "Cargo": "Secretario de la Comisión de Sociedad de la Información y Tecnología", "Imagen": "http://www.cnis.es/wp-content/uploads/2018/02/pablo_barcenas.jpg", "Comentario": ""},
     "Pablo de Amil Villarrubia" : {"ID_ponente": "136", "NyA": "Pablo de Amil Villarrubia", "url": "http://www.cnis.es/speakers/pablo-de-amil/", "Institucion": "Ministerio de Política Territorial y Función Pública. Secretaría General de Administración Digital.  ", "Cargo": "Jefe de Área de Planificación", "Imagen": "http://www.cnis.es/wp-content/uploads/2016/02/pablo_de_amil.jpg", "Comentario": ""},
     "Pablo López" : {"ID_ponente": "137", "NyA": "Pablo López", "url": "http://www.cnis.es/speakers/pablo-lopez/", "Institucion": "Centro Criptológico Nacional CCN-CERT", "Cargo": "Jefe Área Normativa y Servicios de Ciberseguridad", "Imagen": "http://www.cnis.es/wp-content/uploads/2019/02/pablo_lopez.jpg", "Comentario": ""},
     "Pablo Ojanguren Menéndez" : {"ID_ponente": "138", "NyA": "Pablo Ojanguren Menéndez", "url": "http://www.cnis.es/speakers/pablo-ojanguren-menendez/", "Institucion": "Principado de Asturias", "Cargo": "Jefe de proyecto SITE", "Imagen": "", "Comentario": ""},
     "Patricia Alonso Díaz" : {"ID_ponente": "139", "NyA": "Patricia Alonso Díaz", "url": "http://www.cnis.es/speakers/patricia-alonso-diaz/", "Institucion": "Técnica de organización. Ayuntamiento de Mollet del Vallès", "Cargo": "Técnica de organización", "Imagen": "http://www.cnis.es/wp-content/uploads/2019/02/patricia_alonso.jpg", "Comentario": ""},
     "Pep Budi" : {"ID_ponente": "140", "NyA": "Pep Budi", "url": "http://www.cnis.es/speakers/pep-budi/", "Institucion": "Ayuntamiento de Tarragona", "Cargo": "Director de Tecnologías de la Información y Comunicación", "Imagen": "http://www.cnis.es/wp-content/uploads/2016/02/pep_budi-1.jpg", "Comentario": ""},
     "Pilar Moreno" : {"ID_ponente": "141", "NyA": "Pilar Moreno", "url": "http://www.cnis.es/speakers/pilar-moreno/", "Institucion": "Ayuntamiento de Senyera", "Cargo": "Secretaria", "Imagen": "http://www.cnis.es/wp-content/uploads/2019/02/pilar_moreno.jpg", "Comentario": ""},
     "Pilar Torres" : {"ID_ponente": "142", "NyA": "Pilar Torres", "url": "http://www.cnis.es/speakers/pilar-torres/", "Institucion": "Directora de Sector Público", "Cargo": "Amazon Web Services para España y Portugal", "Imagen": "http://www.cnis.es/wp-content/uploads/2019/02/pilar_torres.png", "Comentario": ""},
     "Quim Mestres" : {"ID_ponente": "143", "NyA": "Quim Mestres", "url": "http://www.cnis.es/speakers/quim-mestres/", "Institucion": "Buisi Tools", "Cargo": "Director división TIC", "Imagen": "http://www.cnis.es/wp-content/uploads/2019/01/quim_mestres.jpg", "Comentario": ""},
     "Rafael Zayas Saucedo " : {"ID_ponente": "144", "NyA": "Rafael Zayas Saucedo ", "url": "http://www.cnis.es/speakers/rafael-zayas-saucedo/", "Institucion": "Ayuntamiento de Carmona", "Cargo": "Responsable de Informática", "Imagen": "", "Comentario": ""},
     "Reyes Boralla Jaramillo" : {"ID_ponente": "145", "NyA": "Reyes Boralla Jaramillo", "url": "http://www.cnis.es/speakers/reyes-boralla-jaramillo/", "Institucion": "Instituto Andaluz de Administración Pública (IAAP)", "Cargo": "Jefa de Departamento de Estudios y Documentación. Gestión del Conocimiento", "Imagen": "http://www.cnis.es/wp-content/uploads/2019/02/reyes_boralla.jpg", "Comentario": ""},
     "Ricardo Peñalver" : {"ID_ponente": "146", "NyA": "Ricardo Peñalver", "url": "http://www.cnis.es/speakers/ricardo-penalver/", "Institucion": "esPublico Gestiona", "Cargo": "Director de Gestión de Clientes", "Imagen": "http://www.cnis.es/wp-content/uploads/2018/03/ricardo_penalver.jpg", "Comentario": ""},
     "Roberto Cano" : {"ID_ponente": "147", "NyA": "Roberto Cano", "url": "Roberto Cano", "Institucion": "Kodak Alaris", "Cargo": "Director para España y Portugal", "Imagen": "http://www.cnis.es/wp-content/uploads/2019/02/roberto_cano.jpg", "Comentario": ""},
     "Roberto Guijarro" : {"ID_ponente": "148", "NyA": "Roberto Guijarro", "url": "http://www.cnis.es/speakers/roberto-guijarro/", "Institucion": "Ayuntamiento de Madrid", "Cargo": "Director de Desarrollo Tecnológico de Madrid Destino", "Imagen": "http://www.cnis.es/wp-content/uploads/2019/01/roberto_guijarro.jpg", "Comentario": ""},
     "Roberto Magro" : {"ID_ponente": "149", "NyA": "Roberto Magro", "url": "http://www.cnis.es/speakers/roberto-magro/", "Institucion": "Ayuntamiento de Alcobendas", "Cargo": "Jefe de Servicios Interactivos del Ayuntamiento de Alcobendas y responsable de la Web Municipal, Transparencia y Datos Abiertos", "Imagen": "http://www.cnis.es/wp-content/uploads/2017/02/robertomagro.jpg", "Comentario": ""},
     "Roger Alves Cabratosa" : {"ID_ponente": "150", "NyA": "Roger Alves Cabratosa", "url": "http://www.cnis.es/speakers/roger-alves-cabratosa/", "Institucion": "Docuware", "Cargo": "Director Comercial España y Portugal", "Imagen": "http://www.cnis.es/wp-content/uploads/2019/02/roger_alves.jpg", "Comentario": ""},
     "Rosa Maria Galindo Rodriguez" : {"ID_ponente": "151", "NyA": "Rosa Maria Galindo Rodriguez", "url": "http://www.cnis.es/speakers/rosa-maria-galindo-rodriguez/", "Institucion": "Gobierno de Canarias", "Cargo": "", "Imagen": "", "Comentario": ""},
     "Salvador Luis Soriano Maldonado" : {"ID_ponente": "152", "NyA": "Salvador Luis Soriano Maldonado", "url": "http://www.cnis.es/speakers/salvador-soriano/", "Institucion": "Ministerio de Economía y Empresa", "Cargo": "Coordinador de Área", "Imagen": "http://www.cnis.es/wp-content/uploads/2019/02/salvador_soriano.jpg", "Comentario": ""},
     "Santiago Carral Riádigos" : {"ID_ponente": "153", "NyA": "Santiago Carral Riádigos", "url": "http://www.cnis.es/speakers/santiago-carral-riadigos/", "Institucion": "Ayuntamiento de Campoo de Yuso", "Cargo": "Secretario-Interventor", "Imagen": "http://www.cnis.es/wp-content/uploads/2019/02/santiago_carral.jpg", "Comentario": ""},
     "Santiago Díez Martínez" : {"ID_ponente": "154", "NyA": "Santiago Díez Martínez", "url": "http://www.cnis.es/speakers/santiago-diez-martinez/", "Institucion": "Agencia Española de Protección de Datos", "Cargo": "Jefe de Área de Aplicaciones", "Imagen": "http://www.cnis.es/wp-content/uploads/2019/02/santiago_diez_martinez.jpg", "Comentario": ""},
     "Sara Hernández Ibabe" : {"ID_ponente": "155", "NyA": "Sara Hernández Ibabe", "url": "http://www.cnis.es/speakers/sara-hernandez-ibabe/", "Institucion": "Diputación Huelva", "Cargo": "Tesorera y Directora de la Oficina de Gestión del Cambio", "Imagen": "http://www.cnis.es/wp-content/uploads/2018/03/sara_hdez_ibabe.jpg", "Comentario": ""},
     "Sergi Vallès Domingo" : {"ID_ponente": "156", "NyA": "Sergi Vallès Domingo", "url": "http://www.cnis.es/speakers/sergi-valles-domingo/", "Institucion": "Ayuntamiento de Torrelles de Foix", "Cargo": "Alcalde", "Imagen": "http://www.cnis.es/wp-content/uploads/2019/01/sergi_valles.jpg", "Comentario": ""},
     "Sergio Caballero" : {"ID_ponente": "157", "NyA": "Sergio Caballero", "url": "http://www.cnis.es/speakers/sergio-caballero/", "Institucion": "Ayuntamiento de Alcobendas", "Cargo": "Director General de Informática (CIO)", "Imagen": "http://www.cnis.es/wp-content/uploads/2019/01/sergio_caballero.jpg", "Comentario": ""},
     "Sergio González" : {"ID_ponente": "158", "NyA": "Sergio González", "url": "http://www.cnis.es/speakers/sergio-gonzalez/", "Institucion": "Ayuntamiento de Calafell (Tarragona)", "Cargo": "Jefe de la Unidad Operativa de la Policía Local", "Imagen": "", "Comentario": ""},
     "Sergio Jiménez" : {"ID_ponente": "159", "NyA": "Sergio Jiménez", "url": "http://www.cnis.es/speakers/sergio-jimenez/", "Institucion": "ITCIP", "Cargo": "Experto en Marketing digital y Administración electrónica. Colaborador del Instituto de Transferencia de Conocimiento en Innovación Pública (ITCIP)", "Imagen": "http://www.cnis.es/wp-content/uploads/2017/02/sergio_jimenez.png", "Comentario": ""},
     "Sonia Rodriguez Campos" : {"ID_ponente": "160", "NyA": "Sonia Rodriguez Campos", "url": "http://www.cnis.es/speakers/sonia-rodriguez-campos/", "Institucion": "Escola Galega de Administración Pública. EGAP", "Cargo": "Directora", "Imagen": "http://www.cnis.es/wp-content/uploads/2019/01/sonia_rodriguez_campos.jpg", "Comentario": ""},
     "Valentín Gómez" : {"ID_ponente": "161", "NyA": "Valentín Gómez", "url": "http://www.cnis.es/speakers/valentin-gomez/", "Institucion": "Ayuntamiento de Mollet del Vallès", "Cargo": "Jefe del Servicio de Organización, Administración Electrónica y Recursos Humanos", "Imagen": "http://www.cnis.es/wp-content/uploads/2017/02/valentin_faura.jpg", "Comentario": ""},
     "Vanesa Martínez Monroy" : {"ID_ponente": "162", "NyA": "Vanesa Martínez Monroy", "url": "http://www.cnis.es/speakers/vanesa-martinez-monroy/", "Institucion": "Alicita", "Cargo": "Senior Sales Manager", "Imagen": "http://www.cnis.es/wp-content/uploads/2019/02/vanesa_martinez_monroy.jpg", "Comentario": ""},
     "Vanesa Vilaseca" : {"ID_ponente": "163", "NyA": "Vanesa Vilaseca", "url": "http://www.cnis.es/speakers/vanesa-vilaseca/", "Institucion": "Ayuntamiento de Cunit", "Cargo": "Técnica de Tecnologías de la Información y de la Comunicación", "Imagen": "http://www.cnis.es/wp-content/uploads/2016/02/vanesa_vilaseca-1.jpg", "Comentario": ""},
     "Vicente León Miravet Márquez" : {"ID_ponente": "164", "NyA": "Vicente León Miravet Márquez", "url": "http://www.cnis.es/speakers/vicente-leon-miravet-marquez/", "Institucion": "Ayuntamiento de Algímia d’Alfara", "Cargo": "Secretario-Interventor", "Imagen": "http://www.cnis.es/wp-content/uploads/2019/02/vicente_leon_miravet.jpg", "Comentario": ""},
     "Víctor Almonacid Lamelas" : {"ID_ponente": "165", "NyA": "Víctor Almonacid Lamelas", "url": "http://www.cnis.es/speakers/victor-almonacid/", "Institucion": "Cosital", "Cargo": "Secretario de la Administración Local", "Imagen": "http://www.cnis.es/wp-content/uploads/2016/01/victoralmonacid1.jpg", "Comentario": ""},
     "Victor Manuel Solla Bárcena" : {"ID_ponente": "166", "NyA": "Victor Manuel Solla Bárcena", "url": "http://www.cnis.es/speakers/victor-solla/", "Institucion": "Principado de Asturias", "Cargo": "Director General de Tecnologías de la Información y la Comunicación", "Imagen": "http://www.cnis.es/wp-content/uploads/2017/02/victorsolla.jpg", "Comentario": ""},
     "Víctor Martín González de Haro" : {"ID_ponente": "167", "NyA": "Víctor Martín González de Haro", "url": "http://www.cnis.es/speakers/victor-martin-gonzalez-de-haro/", "Institucion": "Correos", "Cargo": "Subdirector de Desarrollo Corporativo", "Imagen": "http://www.cnis.es/wp-content/uploads/2019/02/victor_martin.png", "Comentario": ""},
     "Victoria Anderica" : {"ID_ponente": "168", "NyA": "Victoria Anderica", "url": "http://www.cnis.es/speakers/victoria-anderica/", "Institucion": "Ayuntamiento de Madrid", "Cargo": "Directora del Proyecto de Transparencia", "Imagen": "http://www.cnis.es/wp-content/uploads/2019/02/victoria_anderica.jpg", "Comentario": ""},
     "Virginia Fernández Robles" : {"ID_ponente": "169", "NyA": "Virginia Fernández Robles", "url": "http://www.cnis.es/speakers/virginia-fernandez-robles/", "Institucion": "esPublico Gestiona", "Cargo": "Cumplimiento Normativo y Auditoría Interna", "Imagen": "http://www.cnis.es/wp-content/uploads/2019/02/virigina_fernandez_robles.png", "Comentario": ""},
     "Virginia Moreno Bonilla" : {"ID_ponente": "170", "NyA": "Virginia Moreno Bonilla", "url": "http://www.cnis.es/speakers/virginia-moreno-bonilla/", "Institucion": "Ayuntamiento de Leganés", "Cargo": "Directora General de Nuevas Tecnologías e Innovación", "Imagen": "http://www.cnis.es/wp-content/uploads/2016/01/vir_moreno.jpg", "Comentario": ""}
}